User ID, First name, Last name, Country, Phone Number, Email Address, SIN, Password
1, Granger, Lidden, Afghanistan, 867-0886, GLidden@live.it, 714636915, TxmMR18N
2, Lynsey, Gwilliam, Albania, 398-0059, LGwilliam@yahoo.fr, 967513926, 88EmLgN7
3, Fifine, Gaitskill, Algeria, 925-1530, FGaitskill@live.fr, 233665123, t9rWksb1
4, Wendy, Memory, Andorra, 867-8456, WMemory@facebook.com, 656478042, 397vi5Ug
5, Steven, Walesby, Angola, 429-4370, SWalesby@att.net, 184803526, 3UAVUAoB
6, Maible, O'Noulane, Antigua and Barbuda, 429-0925, MO'Noulane@hotmail.co.uk, 827336327, CxYhzZSr
7, Dode, Oboy, Argentina, 925-0545, DOboy@live.com, 548233367, IuZAHeCA
8, Marita, Ayce, Armenia, 444-3584, MAyce@terra.com.br, 918502651, A7KAQghS
9, Burton, Franceschi, Australia, 908-8586, BFranceschi@yahoo.de, 956297539, TEyqRPja
10, Godfrey, Mennithorp, Austria, 997-0492, GMennithorp@terra.com.br, 660260756, baANbTUb
11, Nehemiah, Heball, Azerbaijan, 398-4729, NHeball@yahoo.co.jp, 633108117, 97vP1hVI
12, Ulrika, Werrit, Bahamas, 997-2353, UWerrit@live.nl, 572276965, UVRSQrSr
13, Gisella, Alwin, Bahrain, 867-0019, GAlwin@laposte.net, 573363368, mP61qTUn
14, Jacenta, McGrotty, Bangladesh, 908-3451, JMcGrotty@hotmail.es, 760243555, lOMKV8Do
15, Debora, Perigo, Barbados, 209-7764, DPerigo@bol.com.br, 155324914, 7OPDfHjI
16, Emmalynn, Mordy, Belarus, 925-2551, EMordy@t-online.de, 971899228, xPoBShF3
17, Matthus, McClinton, Belgium, 429-3793, MMcClinton@yahoo.es, 605894428, PFqhYkFV
18, Ad, Schoenrock, Belize, 867-4538, ASchoenrock@libero.it, 782436840, a4YsXTtI
19, Tobias, Lea, Benin, 209-7743, TLea@msn.com, 359512183, 0Nsjcujp
20, Peyton, Bleeze, Bhutan, 209-9786, PBleeze@planet.nl, 968338082, wQdhh005
21, Ed, Sowrey, Bolivia, 925-7828, ESowrey@yahoo.co.uk, 654887343, gUOCpW3f
22, Moss, Reasun, Bosnia and Herzegovina, 270-3730, MReasun@live.fr, 346811305, UkoGyzQi
23, Sol, O'Hollegan, Botswana, 925-3258, SO'Hollegan@bellsouth.net, 884167637, i4eQGHVk
24, Edmund, Romagnosi, Brazil, 444-0071, ERomagnosi@yahoo.co.in, 407487131, 3elYElXZ
25, Levin, Erbe, Brunei, 219-2996, LErbe@ig.com.br, 472713773, xug1cka8
26, Christopher, Pringle, Bulgaria, 398-7684, CPringle@yahoo.in, 876855542, AhJaFwf6
27, Jazmin, Booij, Burkina Faso, 444-2172, JBooij@web.de, 469262009, qoszoLva
28, Bing, Kemble, Burundi, 270-1255, BKemble@t-online.de, 774044599, zqRTid1g
29, Maddie, Bird, Côte d'Ivoire, 997-9150, MBird@yahoo.fr, 555996658, ua6BePUI
30, Albertina, Snarr, Cabo Verde, 925-1972, ASnarr@yahoo.in, 570073850, Lt6D8MWv
31, Rivi, Ferrey, Cambodia, 444-6190, RFerrey@yahoo.in, 846942590, D33C4xEm
32, Bendix, De Ruggiero, Cameroon, 219-4769, BDe Ruggiero@orange.fr, 662981776, O50I5wpH
33, Griffith, Petruska, Canada, 270-9567, GPetruska@mail.com, 201690613, teKjGM4I
34, Yancy, Franzotto, Central African Republic, 209-2021, YFranzotto@gmx.de, 950390868, iNkwMMca
35, Tessa, Bygrove, Chad, 867-6248, TBygrove@hotmail.fr, 129033333, DKIgrQ6b
36, Elston, Sackler, Chile, 398-8046, ESackler@hotmail.com, 624549797, R47XpFTO
37, Jeremy, Cornall, China, 908-9125, JCornall@blueyonder.co.uk, 474613996, Da1LqYMr
38, Patrizia, Mouan, Colombia, 398-6304, PMouan@wanadoo.fr, 828388027, kGoSKnHb
39, Annmarie, Melross, Comoros, 219-2002, AMelross@me.com, 974806403, KFXa7T3A
40, Salomi, Reinert, Congo (Congo-Brazzaville), 219-1692, SReinert@orange.fr, 860516127, GVFmnPxN
41, Eulalie, Milsap, Costa Rica, 997-2900, EMilsap@optusnet.com.au, 219407971, Dl5iqrry
42, Margie, Jasiak, Croatia, 219-8390, MJasiak@yahoo.com, 672655340, XFoEzyc3
43, Marlowe, Dunkersley, Cuba, 867-6761, MDunkersley@rediffmail.com, 175526309, uT6Ftciw
44, Honoria, Leftly, Cyprus, 209-6057, HLeftly@mail.com, 276673168, JCg2Esia
45, Vincenty, Bulloch, Czechia (Czech Republic), 908-6552, VBulloch@aol.com, 297893529, 82fGX8zF
46, Nolie, Revan, Democratic Republic of the Congo, 997-8627, NRevan@live.co.uk, 318561886, MpsOIB4P
47, Levon, Dumphries, Denmark, 219-2274, LDumphries@cox.net, 826047641, Gnb2y4cw
48, Shaw, Setford, Djibouti, 908-0417, SSetford@live.com, 959372260, 3pLHZUDj
49, Ella, Aleksankin, Dominica, 867-8458, EAleksankin@sbcglobal.net, 993967637, vrVwFaxJ
50, Jocko, Bleby, Dominican Republic, 398-3459, JBleby@bellsouth.net, 001089438, Jek3ZbBQ
51, Pete, Fritter, Ecuador, 398-0699, PFritter@yahoo.de, 864101839, fbAcLvh6
52, Leila, Dallander, Egypt, 925-9390, LDallander@cox.net, 235745791, PbnRqnFx
53, Katalin, Pairpoint, El Salvador, 270-5021, KPairpoint@rambler.ru, 738393740, EqsJ1GiU
54, Rinaldo, Ruprechter, Equatorial Guinea, 270-6139, RRuprechter@wanadoo.fr, 073785404, SSktIOMV
55, Karel, Ferier, Eritrea, 997-2685, KFerier@blueyonder.co.uk, 338299904, arFdVu5Z
56, Katherina, Padrick, Estonia, 997-3950, KPadrick@msn.com, 029777560, qFjLoTz4
57, Elinor, Androsik, Eswatini (fmr. "Swaziland"), 270-7375, EAndrosik@wanadoo.fr, 629593614, j0DMlogC
58, Kati, Chasmer, Ethiopia, 997-4030, KChasmer@verizon.net, 124311574, UZEtBk8p
59, Dyan, Kearton, Fiji, 219-8377, DKearton@outlook.com, 464415775, 0nMaAxIh
60, Jourdain, O'Suaird, Finland, 997-5691, JO'Suaird@virgilio.it, 292423943, xOPHystI
61, Tasia, McRitchie, France, 867-5055, TMcRitchie@ymail.com, 022963858, W0t9VhPJ
62, Ynes, Charles, Gabon, 209-6851, YCharles@hotmail.de, 746349250, MppyzZBk
63, Demott, Drane, Gambia, 997-0226, DDrane@sbcglobal.net, 630387677, 4ZhAKZCe
64, Gannie, Keford, Georgia, 270-6342, GKeford@tiscali.co.uk, 550245196, RrqcGNkS
65, Janel, Lammin, Germany, 867-0072, JLammin@yahoo.fr, 051245830, lFOOT4nM
66, Franzen, Comford, Ghana, 997-6924, FComford@hetnet.nl, 093189435, iM4v6WSO
67, Ginnie, Hickenbottom, Greece, 219-0262, GHickenbottom@aol.com, 014989683, HOX8acmB
68, Gussy, Lober, Grenada, 270-7457, GLober@libero.it, 204102747, t09ABJZj
69, Cordelie, Locker, Guatemala, 997-3959, CLocker@gmail.com, 932862806, ligkcKpk
70, Gregory, Routley, Guinea, 444-2715, GRoutley@msn.com, 452825171, dHy86Ctn
71, Andrey, Drummond, Guinea-Bissau, 398-3378, ADrummond@me.com, 343945053, 18YNOrdz
72, Joshia, Verny, Guyana, 997-2231, JVerny@cox.net, 862292122, HDQdGuQh
73, Noble, Marson, Haiti, 867-7857, NMarson@bellsouth.net, 873199181, HNY767zv
74, Dale, Litchfield, Holy See, 908-8825, DLitchfield@wanadoo.fr, 006138722, 4b7IYVyf
75, Addy, Reppaport, Honduras, 997-9708, AReppaport@web.de, 287859999, wN9oSdXX
76, Granger, McClinton, Hungary, 925-3382, GMcClinton@alice.it, 219544266, rIUlVStO
77, Hi, Tappor, Iceland, 398-4583, HTappor@yahoo.in, 632651476, AIkXKh16
78, Bo, Salsberg, India, 908-1360, BSalsberg@terra.com.br, 326247643, R6W3qpcV
79, Karyl, Etherington, Indonesia, 429-4570, KEtherington@aol.com, 216220853, CqVsVpxU
80, Welsh, Pabelik, Iran, 219-2071, WPabelik@hotmail.it, 146533149, 2gzkUWjj
81, Raimund, Claesens, Iraq, 398-8976, RClaesens@yahoo.fr, 270754552, l5PXrKer
82, Filia, Dimbylow, Ireland, 270-2735, FDimbylow@tin.it, 736491298, cNcLiKEY
83, Ogdon, Curtiss, Israel, 444-9593, OCurtiss@orange.fr, 434322197, Ngida9X9
84, Yvor, Twentyman, Italy, 925-6127, YTwentyman@alice.it, 143565421, v0RknptD
85, Leontyne, Ainger, Jamaica, 209-1761, LAinger@live.co.uk, 402492972, TSu8Ko5X
86, Cornelle, Hitter, Japan, 209-1173, CHitter@qq.com, 610486506, bKiVv43f
87, Cassandre, Woolliams, Jordan, 219-8828, CWoolliams@web.de, 078107280, xyYp8mBR
88, Garreth, Tattershall, Kazakhstan, 219-9517, GTattershall@live.co.uk, 190113083, XIaikNEB
89, Aloise, Greystock, Kenya, 925-4154, AGreystock@bol.com.br, 991039875, fNmOVqiI
90, Natala, Kerman, Kiribati, 209-2760, NKerman@mail.com, 825726814, hwsaf5d3
91, Kiah, Creer, Kuwait, 925-2621, KCreer@web.de, 079611790, FbnbE7ih
92, Annelise, Merrisson, Kyrgyzstan, 997-4313, AMerrisson@charter.net, 612353198, zRnRMWqt
93, Leoline, Rumford, Laos, 867-3286, LRumford@comcast.net, 568275358, RkbTby5g
94, Gardiner, Rawstorne, Latvia, 398-9954, GRawstorne@yahoo.com.au, 372668364, ee1plkHa
95, Trenna, MacCathay, Lebanon, 270-4976, TMacCathay@bigpond.com, 848520019, FVsMrzu7
96, Anne, Chatelet, Lesotho, 997-6912, AChatelet@free.fr, 348361729, AKTQqPiK
97, Etta, Barrie, Liberia, 867-2377, EBarrie@laposte.net, 922757472, 75qxnTwq
98, Helyn, Care, Libya, 270-8153, HCare@live.co.uk, 052775474, QlRoxgbv
99, Xever, Etuck, Liechtenstein, 444-2160, XEtuck@yahoo.com, 530406424, 7kfo8Q45
100, Lynna, Whiffin, Lithuania, 219-4140, LWhiffin@hotmail.co.uk, 891342723, 2dbf6SzM
101, Bennett, Brunker, Luxembourg, 867-9391, BBrunker@sbcglobal.net, 403938270, nRZRAZl7
102, Gaspar, Arton, Madagascar, 209-7088, GArton@libero.it, 213952386, Vc1cBiP1
103, Lindsay, Finden, Malawi, 997-7279, LFinden@cox.net, 499429649, 7JHyQ6a1
104, Roberta, Beddoe, Malaysia, 219-9915, RBeddoe@yandex.ru, 625843881, NsFLwpHF
105, Conant, Krier, Maldives, 219-6742, CKrier@mail.com, 560890244, ev5daRYV
106, Cortney, Evequot, Mali, 429-5404, CEvequot@wanadoo.fr, 837626799, ajhjXnri
107, Leora, Deverell, Malta, 997-4802, LDeverell@ig.com.br, 075245562, b0LgwrlR
108, Kelcy, Biset, Marshall Islands, 867-8816, KBiset@live.nl, 857300821, wJLLlS09
109, Gil, Astie, Mauritania, 398-4045, GAstie@ymail.com, 125023787, 9PtUBcaa
110, Dniren, Balmann, Mauritius, 908-8506, DBalmann@gmail.com, 338346092, RgTsCCiw
111, Sherwood, Mitchell, Mexico, 867-8437, SMitchell@live.com.au, 090099484, 9ytzHPAG
112, Sheridan, Hamley, Micronesia, 219-1745, SHamley@aol.com, 947867422, Lz3bZyep
113, Annabela, Nyssen, Moldova, 398-8925, ANyssen@centurytel.net, 198720172, x1H4iCoi
114, Carlen, Naptin, Monaco, 209-3333, CNaptin@yahoo.com, 079065186, lYCEHbgR
115, Elwood, Yallowley, Mongolia, 997-4263, EYallowley@live.nl, 153263590, LKRd6nyr
116, Tabby, Verny, Montenegro, 908-4683, TVerny@tiscali.it, 145151225, 5Olui8qJ
117, Claudia, McKiddin, Morocco, 908-0952, CMcKiddin@mail.ru, 220585472, IptZDZBO
118, Hendrik, Cowthart, Mozambique, 908-2339, HCowthart@optonline.net, 037335344, 6eJYXtbQ
119, Annabelle, Chatwood, Myanmar (formerly Burma), 398-3292, AChatwood@sfr.fr, 942581876, 7qlRXwtf
120, Auberon, Legging, Namibia, 997-0570, ALegging@facebook.com, 170132540, y3tWKZyE
121, Homerus, Berkely, Nauru, 219-2763, HBerkely@laposte.net, 950881304, p2el1dDy
122, Giuditta, Kernley, Nepal, 219-6704, GKernley@verizon.net, 551291986, ax7zLxS9
123, Nels, Summons, Netherlands, 270-4919, NSummons@telenet.be, 838139053, YJ4PFVds
124, Jessica, Domleo, New Zealand, 997-7639, JDomleo@aol.com, 764892438, YU0g868W
125, Byrom, Scholfield, Nicaragua, 867-4098, BScholfield@yahoo.com.mx, 728149010, tb2YaLMw
